dateid,day,month,year,dayofweek,dayofyear
1,19,6,2014,4,170
2,27,12,2016,2,362
3,1,5,2015,5,121
4,20,6,2017,2,171
5,14,3,2006,2,73
6,14,8,2014,4,226
7,31,12,2018,1,365
8,8,11,2007,4,312
9,24,11,2015,2,328
10,7,4,2014,1,97
11,19,9,2016,1,263
12,9,5,2014,5,129
13,13,9,2011,2,256
14,4,7,2012,3,186
15,20,4,2019,6,110
16,13,11,2015,5,317
17,16,6,2016,4,168
18,13,2,2015,5,44
19,23,7,2018,1,204
20,11,7,2014,5,192
21,13,1,2017,5,13
22,2,3,2019,6,61
23,12,5,2016,4,133
24,22,5,2008,4,143
25,3,8,2018,5,215
26,8,1,2015,4,8
27,17,12,2012,1,352
28,2,2,2018,5,33
29,15,4,2016,5,106
30,18,2,2013,1,49
31,6,5,2010,4,126
32,8,6,2018,5,159
33,2,9,2016,5,246
34,3,12,2013,2,337
35,16,5,2013,4,136
36,20,8,2013,2,232
37,5,2,2014,3,36
38,15,8,2014,5,227
39,27,1,2010,3,27
40,27,11,2018,2,331
41,30,6,2010,3,181
42,26,7,2016,2,208
43,27,5,2017,6,147
44,5,11,2014,3,309
45,9,1,2009,5,9
46,16,10,2007,2,289
47,12,2,2015,4,43
48,19,1,2011,3,19
49,27,8,2015,4,239
50,,,2002,,
51,11,2,2016,4,42
52,24,6,2013,1,175
53,3,2,2019,0,34
54,19,7,2017,3,200
55,25,3,2018,0,84
56,28,3,2012,3,88
57,14,7,2017,5,195
58,27,5,2016,5,148
59,15,7,2009,3,196
60,17,2,2010,3,48
61,7,11,2014,5,311
62,13,6,2012,3,165
63,8,2,2018,4,39
64,28,8,2015,5,240
65,10,12,2017,0,344
66,24,5,2018,4,144
67,7,1,2013,1,7
68,20,8,2015,4,232
69,19,8,2013,1,231
70,1,4,2018,0,91
71,12,8,2016,5,225
72,23,5,2011,1,143
73,3,1,2014,5,3
74,13,8,2015,4,225
75,22,2,2019,5,53
76,10,8,2018,5,222
77,14,3,2012,3,74
78,20,11,2013,3,324
79,26,7,2006,3,207
80,28,4,2016,4,119
81,4,7,2014,5,185
82,29,8,2014,5,241
83,14,8,2018,2,226
84,30,10,2012,2,304
85,30,11,2018,5,334
86,3,9,2009,4,246
87,25,12,2015,5,359
88,31,7,2008,4,213
89,22,4,2016,5,113
90,19,6,2016,0,171
91,8,6,2017,4,159
92,5,9,2017,2,248
93,25,3,2016,5,85
94,16,11,2018,5,320
95,26,10,2017,4,299
96,24,6,2009,3,175
97,10,6,2015,3,161
98,22,7,2016,5,204
99,5,8,2009,3,217
100,5,9,2016,1,249
101,30,1,2014,4,30
102,19,12,2018,3,353
103,28,10,2010,4,301
104,27,1,2017,5,27
105,14,5,2016,6,135
106,5,7,2018,4,186
107,5,2,2019,2,36
108,30,3,2018,5,89
109,11,10,2013,5,284
110,1,11,2009,0,305
111,29,6,2015,1,180
112,1,11,2013,5,305
113,11,2,2010,4,42
114,5,11,2018,1,309
115,12,1,2018,5,12
116,27,10,2014,1,300
117,26,1,2015,1,26
118,6,12,2015,0,340
119,27,7,2015,1,208
120,25,6,2013,2,176
121,11,7,2016,1,193
122,13,7,2010,2,194
123,6,11,2016,0,311
124,14,10,2018,0,287
125,25,6,2018,1,176
126,17,6,2016,5,169
127,30,7,2015,4,211
128,10,5,2006,3,130
129,31,8,2017,4,243
130,12,7,2007,4,193
131,11,11,2017,6,315
132,20,7,2017,4,201
133,16,4,2018,1,106
134,14,5,2009,4,134
135,6,3,2019,3,65
136,19,6,2012,2,171
137,,,2012,,
138,19,3,2019,2,78
139,21,12,2016,3,356
140,6,8,2010,5,218
141,17,10,2018,3,290
142,10,7,2016,0,192
143,29,5,2014,4,149
144,15,5,2015,5,135
145,6,2,2014,4,37
146,12,2,2013,2,43
147,11,1,2018,4,11
148,10,1,2013,4,10
149,2,3,2009,1,61
150,,,2006,,
151,27,10,2015,2,300
152,16,2,2016,2,47
153,4,4,2018,3,94
154,23,1,2009,5,23
155,6,11,2017,1,310
156,26,10,2011,3,299
157,7,6,2018,4,158
158,6,8,2015,4,218
159,12,11,2007,1,316
160,13,10,2006,5,286
161,31,7,2014,4,212
162,11,9,2014,4,254
163,4,6,2014,3,155
164,1,5,2003,4,121
165,28,7,2016,4,210
166,13,11,2009,5,317
167,22,2,2013,5,53
168,15,9,2014,1,258
169,29,11,2013,5,333
170,31,10,2013,4,304
171,24,5,2017,3,144
172,21,9,2017,4,264
173,31,3,2014,1,90
174,22,8,2018,3,234
175,1,9,2016,4,245
176,22,12,2015,2,356
177,7,6,2012,4,159
178,17,8,2010,2,229
179,26,4,2012,4,117
180,2,8,2017,3,214
181,11,1,2016,1,11
182,2,12,2010,4,336
183,11,1,2017,3,11
184,29,3,2018,4,88
185,11,2,2015,3,42
186,29,6,2007,5,180
187,25,8,2018,6,237
188,10,12,2009,4,344
189,19,2,2017,0,50
190,24,9,2017,0,267
191,6,5,2011,5,126
192,6,4,2007,5,96
193,17,7,2014,4,198
194,17,6,2018,0,168
195,27,9,2016,2,271
196,26,3,2015,4,85
197,7,10,2015,3,280
198,9,7,2016,6,191
199,17,6,2015,3,168
200,22,6,2018,5,173
201,23,1,2013,3,23
202,29,4,2018,0,119
203,9,6,2016,4,161
204,6,6,2018,3,157
205,26,3,2019,2,85
206,23,3,2016,3,83
207,21,10,2009,3,294
208,14,11,2008,5,319
209,21,4,2011,4,111
210,26,4,2018,4,116
211,24,1,2014,5,24
212,20,5,2011,5,140
213,13,5,2008,2,134
214,1,7,2014,2,182
215,2,8,2018,4,214
216,10,10,2016,1,284
217,16,11,2010,2,320
218,5,4,2010,1,95
219,15,10,2016,6,289
220,3,12,2017,0,337
221,9,3,2016,3,69
222,8,2,2019,5,39
223,4,3,2016,5,64
224,2,2,2007,5,33
225,18,11,2015,3,322
226,30,1,2013,3,30
227,29,8,2011,1,241
228,20,1,2011,4,20
229,1,5,2019,3,121
230,12,11,2009,4,316
231,30,8,2018,4,242
232,17,2,2016,3,48
233,30,7,2012,1,212
234,18,1,2017,3,18
235,3,3,2017,5,62
236,25,9,2012,2,269
237,24,1,2019,4,24
238,3,2,2017,5,34
239,7,5,2017,0,127
240,19,6,2015,5,170
241,17,12,2015,4,351
242,7,9,2012,5,251
243,,,1984,,
244,10,3,2015,2,69
245,19,1,2019,6,19
246,11,12,2016,0,346
247,17,12,2017,0,351
248,3,10,2011,1,276
249,9,2,2018,5,40
250,7,2,2014,5,38
251,3,2,2016,3,34
252,23,11,2018,5,327
253,31,1,2019,4,31
254,2,1,2017,1,2
255,19,5,2014,1,139
256,27,1,2018,6,27
257,6,7,2016,3,188
258,5,9,2014,5,248
259,12,7,2018,4,193
260,7,3,2016,1,67
261,3,12,2016,6,338
262,20,9,2012,4,264
263,27,9,2013,5,270
264,2,1,2018,2,2
265,23,4,2015,4,113
266,28,9,2012,5,272
267,,,1985,,
268,11,3,2015,3,70
269,10,10,2009,6,283
270,14,12,2018,5,348
271,28,8,2007,2,240
272,22,11,2011,2,326
273,12,11,2018,1,316
274,11,12,2017,1,345
275,22,9,2016,4,266
276,15,7,2018,0,196
277,18,11,2018,0,322
278,8,2,2017,3,39
279,,,1981,,
280,13,2,2009,5,44
281,4,4,2016,1,95
282,7,5,2016,6,128
283,18,6,2007,1,169
284,8,5,2014,4,128
285,11,11,2013,1,315
286,15,4,2010,4,105
287,22,1,2019,2,22
288,22,2,2012,3,53
289,25,6,2017,0,176
290,24,2,2014,1,55
291,4,9,2008,4,248
292,6,7,2018,5,187
293,31,7,2018,2,212
294,23,9,2017,6,266
295,16,11,2009,1,320
296,4,12,2017,1,338
297,3,4,2013,3,93
298,25,4,2016,1,116
299,2,2,2012,4,33
300,5,12,2012,3,340
301,4,10,2010,1,277
302,12,5,2017,5,132
303,29,10,2017,0,302
304,27,5,2013,1,147
305,31,10,2012,3,305
306,16,4,2013,2,106
307,27,3,2007,2,86
308,1,10,2016,6,275
309,13,6,2014,5,164
310,5,6,2015,5,156
311,5,9,2018,3,248
312,27,3,2019,3,86
313,10,11,2014,1,314
314,11,4,2018,3,101
315,2,11,2011,3,306
316,26,2,2016,5,57
317,13,11,2014,4,317
318,19,11,2018,1,323
319,14,3,2007,3,73
320,9,12,2016,5,344
321,21,6,2010,1,172
322,10,10,2018,3,283
323,3,4,2016,0,94
324,7,3,2018,3,66
325,19,5,2017,5,139
326,6,5,2015,3,126
327,28,1,2010,4,28
328,18,8,2015,2,230
329,20,8,2018,1,232
330,24,8,2017,4,236
331,3,3,2014,1,62
332,6,8,2018,1,218
333,11,11,2014,2,315
334,7,11,2016,1,312
335,2,1,2019,3,2
336,31,7,2012,2,213
337,26,6,2013,3,177
338,15,8,2013,4,227
339,17,1,2018,3,17
340,7,2,2017,2,38
341,28,8,2012,2,241
342,1,5,2006,1,121
343,28,5,2015,4,148
344,22,2,2018,4,53
345,31,12,2014,3,365
346,2,1,2015,5,2
347,6,7,2006,4,187
348,5,1,2012,4,5
349,15,8,2012,3,228
350,4,3,2013,1,63
351,9,5,2011,1,129
352,1,7,2008,2,183
353,28,9,2016,3,272
354,19,5,2018,6,139
355,5,3,2009,4,64
356,7,8,2007,2,219
357,22,4,2014,2,112
358,28,10,2017,6,301
359,4,8,2011,4,216
360,15,10,2017,0,288
361,12,2,2018,1,43
362,26,5,2015,2,146
363,25,11,2018,0,329
364,5,1,2015,1,5
365,5,2,2015,4,36
366,2,12,2016,5,337
367,4,3,2014,2,63
368,23,5,2017,2,143
369,28,2,2014,5,59
370,27,7,2016,3,209
371,28,7,2014,1,209
372,1,9,2017,5,244
373,8,10,2013,2,281
374,7,4,2017,5,97
375,28,1,2017,6,28
376,7,6,2011,2,158
377,25,2,2014,2,56
378,28,2,2013,4,59
379,7,8,2016,0,220
380,30,7,2016,6,212
381,15,11,2006,3,319
382,6,5,2013,1,126
383,14,8,2017,1,226
384,6,5,2009,3,126
385,21,9,2016,3,265
386,12,4,2018,4,102
387,22,9,2014,1,265
388,28,11,2013,4,332
389,10,1,2018,3,10
390,1,12,2012,6,336
391,3,11,2015,2,307
392,25,5,2010,2,145
393,22,6,2016,3,174
394,21,2,2018,3,52
395,19,2,2013,2,50
396,14,3,2019,4,73
397,,,1982,,
398,23,2,2016,2,54
399,12,1,2016,2,12
400,12,6,2018,2,163
401,20,9,2018,4,263
402,26,8,2016,5,239
403,10,4,2018,2,100
404,5,10,2006,4,278
405,4,3,2019,1,63
406,21,7,2017,5,202
407,6,3,2012,2,66
408,6,8,2017,0,218
409,10,9,2013,2,253
410,22,4,2019,1,112
411,21,10,2015,3,294
412,23,9,2014,2,266
413,5,1,2019,6,5
414,9,10,2014,4,282
415,21,7,2015,2,202
416,16,12,2017,6,350
417,9,11,2012,5,314
418,28,9,2011,3,271
419,1,8,2015,6,213
420,22,6,2015,1,173
421,28,11,2016,1,333
422,4,1,2018,4,4
423,9,3,2019,6,68
424,16,1,2017,1,16
425,23,8,2012,4,236
426,19,7,2011,2,200
427,11,4,2017,2,101
428,23,9,2008,2,267
429,10,11,2018,6,314
430,1,10,2014,3,274
431,15,3,2011,2,74
432,23,12,2017,6,357
433,22,3,2018,4,81
434,29,5,2016,0,150
435,14,8,2015,5,226
436,20,11,2015,5,324
437,21,10,2014,2,294
438,5,8,2015,3,217
439,25,3,2015,3,84
440,3,7,2017,1,184
441,23,2,2015,1,54
442,8,11,2017,3,312
443,22,6,2012,5,174
444,21,10,2017,6,294
445,14,4,2015,2,104
446,26,11,2014,3,330
447,20,7,2011,3,201
448,7,7,2018,6,188
449,1,11,2015,0,305
450,25,6,2015,4,176
451,29,7,2017,6,210
452,9,7,2014,3,190
453,29,10,2013,2,302
454,5,6,2008,4,157
455,14,10,2009,3,287
456,7,11,2008,5,312
457,15,3,2017,3,74
458,21,1,2017,6,21
459,21,5,2018,1,141
460,17,2,2015,2,48
461,28,4,2015,2,118
462,18,4,2011,1,108
463,,,2017,,
464,16,9,2015,3,259
465,20,10,2009,2,293
466,17,7,2008,4,199
467,24,11,2006,5,328
468,10,12,2013,2,344
469,2,12,2011,5,336
470,19,11,2008,3,324
471,14,2,2013,4,45
472,1,6,2018,5,152
473,10,12,2014,3,344
948,,,2004,,
474,28,5,2013,2,148
475,10,4,2012,2,101
476,26,5,2017,5,146
477,23,3,2015,1,82
478,29,5,2017,1,149
479,15,9,2015,2,258
480,28,7,2008,1,210
481,28,5,2008,3,149
482,13,5,2009,3,133
483,4,3,2018,0,63
484,28,7,2018,6,209
485,2,7,2014,3,183
486,10,1,2019,4,10
487,4,12,2009,5,338
488,4,9,2015,5,247
489,21,4,2015,2,111
490,11,3,2010,4,70
491,22,7,2017,6,203
492,7,8,2014,4,219
493,15,2,2016,1,46
494,7,6,2013,5,158
495,25,11,2016,5,330
496,17,4,2009,5,107
497,8,7,2018,0,189
498,13,10,2014,1,286
499,,,1986,,
500,30,9,2017,6,273
501,19,10,2011,3,292
502,19,3,2018,1,78
503,6,11,2013,3,310
504,30,10,2015,5,303
505,9,10,2015,5,282
506,28,12,2017,4,362
507,23,5,2018,3,143
508,30,3,2012,5,90
509,8,8,2013,4,220
510,7,1,2009,3,7
511,30,10,2018,2,303
512,18,3,2009,3,77
513,5,11,2016,6,310
514,22,3,2017,3,81
515,16,11,2012,5,321
516,24,4,2018,2,114
517,7,10,2017,6,280
518,30,11,2011,3,334
519,16,12,2018,0,350
520,7,3,2013,4,66
521,10,5,2017,3,130
522,13,4,2018,5,103
523,23,9,2010,4,266
524,17,8,2011,3,229
525,21,7,2018,6,202
526,4,9,2012,2,248
527,12,6,2016,0,164
528,29,1,2017,0,29
529,14,2,2012,2,45
530,12,11,2012,1,317
531,9,6,2017,5,160
532,9,6,2014,1,160
533,15,5,2013,3,135
534,23,12,2015,3,357
535,21,6,2017,3,172
536,14,5,2017,0,134
537,1,11,2004,1,306
538,14,11,2013,4,318
539,23,9,2018,0,266
540,9,9,2015,3,252
541,29,7,2018,0,210
542,31,10,2016,1,305
543,18,7,2011,1,199
544,12,8,2009,3,224
545,24,9,2013,2,267
546,,,1993,,
547,1,7,2017,6,182
548,5,9,2009,6,248
549,26,11,2018,1,330
550,6,3,2009,5,65
551,22,8,2016,1,235
552,27,5,2009,3,147
553,15,4,2014,2,105
554,2,12,2008,2,337
555,20,7,2010,2,201
556,30,5,2017,2,150
557,10,12,2008,3,345
558,6,4,2017,4,96
559,17,11,2018,6,321
560,1,11,2008,6,306
561,8,1,2010,5,8
562,16,2,2010,2,47
563,27,7,2011,3,208
564,29,9,2014,1,272
565,22,10,2012,1,296
566,1,10,2018,1,274
567,4,3,2009,3,63
568,9,6,2015,2,160
569,29,12,2014,1,363
570,26,2,2017,0,57
571,22,11,2018,4,326
572,26,8,2017,6,238
573,1,1,2019,2,1
574,27,7,2012,5,209
575,19,8,2010,4,231
576,5,12,2014,5,339
577,23,4,2010,5,113
578,28,7,2009,2,209
579,11,10,2016,2,285
580,10,2,2019,0,41
581,,,1987,,
582,26,5,2018,6,146
583,7,9,2011,3,250
584,25,3,2017,6,84
585,29,5,2018,2,149
586,28,5,2012,1,149
587,5,4,2017,3,95
588,9,7,2009,4,190
589,2,4,2017,0,92
590,3,10,2016,1,277
591,26,9,2018,3,269
592,11,3,2019,1,70
593,10,6,2014,2,161
594,7,10,2018,0,280
595,20,3,2019,3,79
596,1,5,2016,0,122
597,3,2,2012,5,34
598,1,2,2019,5,32
599,28,4,2010,3,118
600,20,5,2014,2,140
601,27,6,2008,5,179
602,9,1,2014,4,9
603,,,2005,,
604,22,2,2016,1,53
605,23,4,2016,6,114
606,30,10,2016,0,304
607,17,8,2018,5,229
608,31,10,2008,5,305
609,1,12,2018,6,335
610,22,1,2017,0,22
611,14,2,2017,2,45
612,16,9,2008,2,260
613,4,6,2009,4,155
614,3,6,2015,3,154
615,13,3,2014,4,72
616,27,9,2017,3,270
617,4,5,2015,1,124
618,1,6,2016,3,153
619,14,9,2006,4,257
620,28,5,2016,6,149
621,27,11,2017,1,331
622,22,10,2015,4,295
623,23,11,2016,3,328
624,7,6,2014,6,158
625,1,6,2004,2,153
626,18,7,2017,2,199
627,1,2,2018,4,32
628,21,4,2016,4,112
629,14,10,2014,2,287
630,31,1,2012,2,31
631,1,7,2015,3,182
632,23,4,2018,1,113
633,7,2,2006,2,38
634,27,2,2009,5,58
635,17,3,2010,3,76
636,9,4,2008,3,100
637,5,8,2017,6,217
638,19,8,2011,5,231
639,31,3,2016,4,91
640,27,9,2010,1,270
641,12,2,2010,5,43
642,18,3,2017,6,77
643,14,5,2012,1,135
644,22,3,2007,4,81
645,21,10,2008,2,295
646,10,7,2017,1,191
647,7,7,2016,4,189
648,29,11,2017,3,333
649,29,4,2016,5,120
650,19,1,2016,2,19
651,18,10,2012,4,292
652,1,4,2016,5,92
653,10,3,2018,6,69
654,30,6,2011,4,181
655,8,10,2014,3,281
656,3,12,2018,1,337
657,13,9,2017,3,256
658,16,12,2015,3,350
659,24,9,2010,5,267
660,6,5,2014,2,126
661,10,8,2017,4,222
662,3,7,2007,2,184
663,20,2,2018,2,51
664,6,10,2015,2,279
665,21,6,2012,4,173
666,11,1,2019,5,11
667,7,8,2017,1,219
668,27,2,2012,1,58
669,,,2016,,
670,11,12,2013,3,345
671,20,3,2007,2,79
672,15,5,2017,1,135
673,24,9,2012,1,268
674,28,10,2011,5,301
675,4,7,2016,1,186
676,13,1,2014,1,13
677,9,3,2015,1,68
678,27,11,2015,5,331
679,13,3,2015,5,72
680,25,8,2015,2,237
681,9,5,2017,2,129
682,25,9,2017,1,268
683,1,2,2013,5,32
684,17,9,2017,0,260
685,14,5,2015,4,134
686,12,1,2007,5,12
687,27,3,2017,1,86
688,26,9,2012,3,270
689,28,11,2017,2,332
690,27,8,2017,0,239
691,13,10,2017,5,286
692,18,4,2014,5,108
693,3,7,2014,4,184
694,20,7,2007,5,201
695,24,4,2013,3,114
696,22,10,2009,4,295
697,25,10,2016,2,299
698,8,4,2015,3,98
699,3,12,2014,3,337
700,9,3,2017,4,68
701,10,2,2017,5,41
702,4,6,2015,4,155
703,10,1,2014,5,10
704,22,4,2017,6,112
705,1,8,2016,1,214
706,15,3,2015,0,74
707,13,1,2012,5,13
708,22,11,2006,3,326
709,21,1,2016,4,21
710,15,9,2017,5,258
711,2,11,2016,3,307
712,27,8,2009,4,239
713,27,4,2009,1,117
714,9,5,2018,3,129
715,5,3,2015,4,64
716,1,4,2014,2,91
717,4,8,2017,5,216
718,8,4,2016,5,99
719,19,9,2013,4,262
720,1,4,2019,1,91
721,6,9,2018,4,249
722,29,1,2015,4,29
723,28,10,2013,1,301
724,29,11,2011,2,333
725,17,4,2012,2,108
726,4,7,2013,4,185
727,5,8,2016,5,218
728,31,1,2011,1,31
729,1,11,2016,2,306
730,7,1,2015,3,7
731,29,8,2012,3,242
732,6,9,2016,2,250
733,5,6,2018,2,156
734,7,9,2016,3,251
735,11,11,2016,5,316
736,11,5,2015,1,131
737,19,11,2012,1,324
738,4,2,2015,3,35
739,26,3,2010,5,85
740,23,10,2018,2,296
741,2,11,2017,4,306
742,18,11,2010,4,322
743,16,10,2014,4,289
744,21,1,2018,0,21
745,6,3,2017,1,65
746,24,8,2018,5,236
747,27,2,2018,2,58
748,18,3,2014,2,77
749,29,1,2009,4,29
750,6,8,2009,4,218
751,27,10,2005,4,300
752,4,9,2017,1,247
753,14,9,2017,4,257
754,6,12,2013,5,340
755,6,6,2017,2,157
756,16,3,2015,1,75
757,25,1,2011,2,25
758,25,4,2018,3,115
759,14,5,2011,6,134
760,30,9,2009,3,273
761,2,7,2013,2,183
762,13,5,2018,0,133
763,24,10,2016,1,298
764,12,3,2015,4,71
765,21,3,2008,5,81
766,10,6,2010,4,161
767,,,2021,,
768,15,7,2014,2,196
769,21,11,2011,1,325
770,6,5,2016,5,127
771,20,4,2015,1,110
772,14,12,2015,1,348
773,5,4,2012,4,96
774,8,9,2016,4,252
775,6,2,2018,2,37
776,15,10,2012,1,289
777,7,11,2012,3,312
778,22,9,2010,3,265
779,11,7,2013,4,192
780,4,11,2015,3,308
781,23,11,2010,2,327
782,7,5,2018,1,127
783,18,12,2018,2,352
784,4,2,2019,1,35
785,26,8,2010,4,238
786,9,4,2015,4,99
787,8,3,2018,4,67
788,,,2019,,
789,22,10,2017,0,295
790,21,11,2017,2,325
791,5,6,2017,1,156
792,22,9,2018,6,265
793,22,12,2014,1,356
794,24,5,2012,4,145
795,18,9,2013,3,261
796,18,3,2013,1,77
797,31,1,2014,5,31
798,8,4,2019,1,98
799,21,4,2019,0,111
800,25,5,2016,3,146
801,5,4,2011,2,95
802,12,7,2010,1,193
803,4,6,2017,0,155
804,12,10,2015,1,285
805,1,12,2014,1,335
806,2,2,2017,4,33
807,12,4,2017,3,102
808,19,9,2011,1,262
809,27,10,2011,4,300
810,,,1992,,
811,30,10,2014,4,303
812,14,3,2016,1,74
813,30,11,2010,2,334
814,18,5,2016,3,139
815,16,7,2015,4,197
816,19,11,2017,0,323
817,31,8,2016,3,244
818,17,10,2016,1,291
819,6,4,2018,5,96
820,23,9,2015,3,266
821,10,9,2018,1,253
822,19,2,2016,5,50
823,1,11,2000,3,306
824,11,2,2009,3,42
825,14,7,2016,4,196
826,1,3,2012,4,61
827,1,11,1999,1,305
828,15,6,2017,4,166
829,11,8,2017,5,223
830,13,2,2008,3,44
831,1,10,2015,4,274
832,27,2,2007,2,58
833,2,11,2012,5,307
834,24,12,2016,6,359
835,19,4,2013,5,109
836,6,12,2012,4,341
837,20,10,2011,4,293
838,25,7,2012,3,207
839,22,8,2017,2,234
840,7,4,2016,4,98
841,19,10,2016,3,293
842,5,11,2015,4,309
843,9,8,2018,4,221
844,16,1,2014,4,16
845,18,11,2013,1,322
846,25,2,2010,4,56
847,26,8,2008,2,239
848,21,6,2018,4,172
849,13,9,2018,4,256
850,17,3,2009,2,76
851,3,4,2007,2,93
852,,,1990,,
853,19,6,2018,2,170
854,11,5,2016,3,132
855,7,4,2018,6,97
856,7,4,2015,2,97
857,2,2,2011,3,33
858,14,4,2017,5,104
859,17,2,2014,1,48
860,28,6,2012,4,180
861,3,12,2015,4,337
862,8,4,2013,1,98
863,4,6,2018,1,155
864,19,2,2010,5,50
865,19,2,2015,4,50
866,23,6,2015,2,174
867,17,3,2011,4,76
868,6,9,2013,5,249
869,9,12,2009,3,343
870,12,10,2017,4,285
871,13,8,2013,2,225
872,6,7,2010,2,187
873,14,9,2016,3,258
874,19,7,2010,1,200
875,30,8,2010,1,242
876,16,10,2016,0,290
877,16,2,2011,3,47
878,,,1994,,
879,10,3,2014,1,69
880,27,3,2014,4,86
881,9,4,2018,1,99
882,1,6,2006,4,152
883,19,12,2011,1,353
884,30,1,2015,5,30
885,12,1,2010,2,12
886,5,5,2015,2,125
887,10,6,2017,6,161
888,27,11,2013,3,331
889,5,3,2018,1,64
890,10,1,2011,1,10
891,28,11,2012,3,333
892,15,1,2010,5,15
893,26,6,2018,2,177
894,19,5,2011,4,139
895,15,5,2009,5,135
896,12,12,2016,1,347
897,21,11,2013,4,325
898,7,8,2009,5,219
899,25,10,2018,4,298
900,23,8,2013,5,235
901,10,9,2017,0,253
902,28,6,2018,4,179
903,23,3,2017,4,82
904,17,4,2018,2,107
905,14,12,2011,3,348
906,24,10,2011,1,297
907,27,8,2013,2,239
908,3,8,2010,2,215
909,4,2,2014,2,35
910,30,4,2013,2,120
911,14,2,2014,5,45
912,3,6,2013,1,154
913,25,6,2012,1,177
914,31,12,2016,6,366
915,24,10,2018,3,297
916,2,10,2017,1,275
917,4,1,2017,3,4
918,8,6,2015,1,159
919,12,3,2019,2,71
920,15,8,2016,1,228
921,28,4,2017,5,118
922,13,12,2007,4,347
923,18,7,2014,5,199
924,22,2,2017,3,53
925,28,2,2019,4,59
926,25,7,2014,5,206
927,26,8,2015,3,238
928,14,9,2009,1,257
929,17,8,2015,1,229
930,10,2,2012,5,41
931,16,7,2010,5,197
932,13,5,2013,1,133
933,12,11,2017,0,316
934,26,9,2016,1,270
935,24,4,2016,0,115
936,25,7,2017,2,206
937,4,3,2010,4,63
938,3,5,2016,2,124
939,5,6,2013,3,156
940,17,5,2018,4,137
941,8,5,2018,2,128
942,15,7,2017,6,196
943,1,10,2009,4,274
944,6,10,2014,1,279
945,28,8,2009,5,240
946,13,7,2009,1,194
947,12,7,2017,3,193
949,12,2,2017,0,43
950,30,1,2017,1,30
951,11,3,2016,5,71
952,31,12,2017,0,365
953,10,11,2016,4,315
954,9,8,2016,2,222
955,,,2013,,
956,7,7,2017,5,188
957,9,7,2012,1,191
958,6,11,2009,5,310
959,25,5,2017,4,145
960,21,7,2014,1,202
961,28,2,2011,1,59
962,8,12,2008,1,343
963,28,7,2015,2,209
964,9,1,2013,3,9
965,16,5,2011,1,136
966,11,3,2014,2,70
967,3,2,2015,2,34
968,15,12,2008,1,350
969,2,6,2018,6,153
970,10,2,2014,1,41
971,8,9,2011,4,251
972,11,9,2018,2,254
973,11,3,2017,6,70
974,30,9,2018,0,273
975,13,12,2013,5,347
976,11,3,2013,1,70
977,25,9,2015,5,268
978,14,8,2016,0,227
979,6,3,2015,5,65
980,30,6,2017,5,181
981,7,7,2015,2,188
982,11,10,2012,4,285
983,16,10,2018,2,289
984,25,3,2014,2,84
985,12,5,2008,1,133
986,7,7,2010,3,188
987,5,12,2018,3,339
988,22,8,2013,4,234
989,29,8,2016,1,242
990,19,4,2010,1,109
991,3,3,2016,4,63
992,10,1,2017,2,10
993,17,1,2017,2,17
994,14,6,2010,1,165
995,9,12,2018,0,343
996,28,12,2016,3,363
997,8,11,2013,5,312
998,18,4,2016,1,109
999,21,12,2018,5,355
1000,16,3,2019,6,75
1001,16,12,2011,5,350
1002,16,4,2016,6,107
1003,19,9,2017,2,262
1004,21,3,2013,4,80
1005,15,6,2018,5,166
1006,31,7,2015,5,212
1007,26,11,2010,5,330
1008,25,11,2008,2,330
1009,6,6,2013,4,157
1010,12,10,2016,3,286
1011,17,6,2014,2,168
1012,14,12,2006,4,348
1013,29,12,2016,4,364
1014,16,1,2013,3,16
1015,31,7,2009,5,212
1016,20,2,2015,5,51
1017,15,3,2013,5,74
1018,20,2,2012,1,51
1019,18,8,2014,1,230
1020,22,5,2009,5,142
1021,1,2,2016,1,32
1022,22,4,2018,0,112
1023,3,4,2015,5,93
1024,,,1988,,
1025,17,7,2016,0,199
1026,9,7,2015,4,190
1027,6,11,2015,5,310
1028,9,4,2016,6,100
1029,15,11,2012,4,320
1030,18,4,2019,4,108
1031,21,10,2016,5,295
1032,17,8,2016,3,230
1033,8,2,2012,3,39
1034,20,4,2012,5,111
1035,20,3,2014,4,79
1036,26,7,2012,4,208
1037,30,1,2018,2,30
1038,1,10,2017,0,274
1039,2,4,2018,1,92
1040,22,2,2010,1,53
1041,27,10,2018,6,300
1042,18,5,2018,5,138
1043,5,10,2007,5,278
1044,8,1,2018,1,8
1045,9,12,2013,1,343
1046,17,3,2017,5,76
1047,4,12,2013,3,338
1048,6,10,2016,4,280
1049,11,2,2017,6,42
1050,29,3,2019,5,88
1051,14,3,2017,2,73
1052,21,8,2018,2,233
1053,21,10,2013,1,294
1054,18,6,2014,3,169
1055,23,10,2015,5,296
1056,28,5,2010,5,148
1057,25,2,2011,5,56
1058,23,10,2014,4,296
1059,7,10,2013,1,280
1060,22,4,2011,5,112
1061,15,4,2013,1,105
1062,13,10,2008,1,287
1063,23,12,2016,5,358
1064,7,9,2010,2,250
1065,14,4,2019,0,104
1066,4,6,2016,6,156
1067,30,3,2015,1,89
1068,1,4,2017,6,91
1069,25,5,2012,5,146
1070,30,11,2012,5,335
1071,30,11,2015,1,334
1072,18,6,2013,2,169
1073,28,8,2018,2,240
1074,20,8,2017,0,232
1075,16,10,2015,5,289
1076,28,8,2013,3,240
1077,25,1,2019,5,25
1078,24,3,2016,4,84
1079,2,9,2014,2,245
1080,18,8,2009,2,230
1081,10,11,2010,3,314
1082,23,5,2013,4,143
1083,26,1,2019,6,26
1084,2,7,2018,1,183
1085,12,11,2014,3,316
1086,21,2,2014,5,52
1087,4,8,2014,1,216
1088,25,4,2017,2,115
1089,1,3,2016,2,61
1090,21,5,2015,4,141
1091,12,5,2010,3,132
1092,27,9,2012,4,271
1093,25,2,2019,1,56
1094,25,5,2011,3,145
1095,14,1,2016,4,14
1096,20,9,2010,1,263
1097,6,1,2017,5,6
1098,19,8,2016,5,232
1099,26,2,2019,2,57
1100,16,2,2018,5,47
1101,19,5,2015,2,139
1102,28,6,2016,2,180
1103,14,12,2007,5,348
1104,,,1996,,
1105,23,7,2015,4,204
1106,22,3,2012,4,82
1107,25,9,2009,5,268
1108,24,2,2009,2,55
1109,23,12,2018,0,357
1110,20,3,2016,0,80
1111,17,3,2008,1,77
1112,25,8,2014,1,237
1113,13,2,2019,3,44
1114,8,11,2011,2,312
1115,24,9,2018,1,267
1116,3,10,2014,5,276
1117,12,4,2013,5,102
1118,25,10,2006,3,298
1119,28,8,2008,4,241
1120,15,11,2016,2,320
1121,20,6,2018,3,171
1122,12,9,2017,2,255
1123,27,10,2009,2,300
1124,5,4,2018,4,95
1125,27,5,2015,3,147
1126,22,8,2014,5,234
1127,5,5,2014,1,125
1128,10,9,2016,6,254
1129,14,12,2016,3,349
1130,7,1,2019,1,7
1131,24,7,2018,2,205
1132,1,9,2014,1,244
1133,6,9,2017,3,249
1134,23,9,2016,5,267
1135,1,5,2013,3,121
1136,4,8,2015,2,216
1137,30,10,2017,1,303
1138,5,12,2016,1,340
1139,16,8,2017,3,228
1140,15,6,2016,3,167
1141,10,4,2016,0,101
1142,16,11,2015,1,320
1143,6,12,2017,3,340
1144,27,12,2018,4,361
1145,5,1,2017,4,5
1146,21,3,2014,5,80
1147,3,12,2010,5,337
1148,24,8,2016,3,237
1149,3,7,2013,3,184
1150,1,9,2011,4,244
1151,5,10,2017,4,278
1152,8,10,2009,4,281
1153,30,10,2007,2,303
1154,10,2,2016,3,41
1155,14,11,2018,3,318
1156,30,9,2015,3,273
1157,14,5,2018,1,134
1158,22,11,2013,5,326
1159,9,1,2019,3,9
1160,5,6,2016,0,157
1161,2,12,2014,2,336
1162,6,11,2012,2,311
1163,15,12,2010,3,349
1164,11,4,2019,4,101
1165,14,2,2018,3,45
1166,15,1,2018,1,15
1167,19,11,2013,2,323
1168,12,6,2007,2,163
1169,4,8,2009,2,216
1170,3,10,2017,2,276
1171,13,2,2014,4,44
1172,27,9,2018,4,270
1173,13,12,2018,4,347
1174,5,10,2016,3,279
1175,24,9,2014,3,267
1176,29,5,2009,5,149
1177,30,4,2009,4,120
1178,16,11,2011,3,320
1179,26,10,2010,2,299
1180,24,7,2009,5,205
1181,21,3,2018,3,80
1182,15,4,2015,3,105
1183,8,11,2010,1,312
1184,16,9,2017,6,259
1185,7,11,2018,3,311
1186,9,6,2018,6,160
1187,1,5,2009,5,121
1188,6,2,2013,3,37
1189,24,12,2018,1,358
1190,15,1,2015,4,15
1191,24,2,2016,3,55
1192,11,12,2009,5,345
1193,7,8,2015,5,219
1194,8,10,2016,6,282
1195,12,11,2013,2,316
1196,13,3,2016,0,73
1197,27,6,2012,3,179
1198,1,11,2017,3,305
1199,,,2000,,
1200,2,8,2011,2,214
1201,1,6,2011,3,152
1202,7,6,2010,1,158
1203,10,10,2007,3,283
1204,30,9,2014,2,273
1205,8,5,2017,1,128
1206,6,8,2007,1,218
1207,22,10,2016,6,296
1208,20,4,2010,2,110
1209,12,4,2019,5,102
1210,11,9,2012,2,255
1211,15,12,2016,4,350
1212,16,6,2017,5,167
1213,26,8,2014,2,238
1214,23,3,2018,5,82
1215,14,6,2016,2,166
1216,8,5,2006,1,128
1217,18,5,2017,4,138
1218,23,3,2019,6,82
1219,23,11,2011,3,327
1220,21,11,2008,5,326
1221,20,3,2013,3,79
1222,9,3,2009,1,68
1223,14,6,2017,3,165
1224,16,6,2014,1,167
1225,,,2010,,
1226,21,8,2016,0,234
1227,24,7,2013,3,205
1228,17,5,2012,4,138
1229,19,4,2012,4,110
1230,15,7,2016,5,197
1231,3,6,2016,5,155
1232,25,2,2018,0,56
1233,17,10,2012,3,291
1234,15,4,2011,5,105
1235,4,9,2014,4,247
1236,8,4,2017,6,98
1237,16,1,2018,2,16
1238,30,7,2014,3,211
1239,22,12,2018,6,356
1240,20,5,2009,3,140
1241,1,6,2017,4,152
1242,14,1,2014,2,14
1243,19,6,2017,1,170
1244,14,9,2015,1,257
1245,20,8,2016,6,233
1246,17,12,2009,4,351
1247,5,4,2019,5,95
1248,8,5,2016,0,129
1249,26,11,2015,4,330
1250,10,12,2015,4,344
1251,2,10,2013,3,275
1252,1,10,2013,2,274
1253,23,7,2016,6,205
1254,15,2,2017,3,46
1255,2,4,2013,2,92
1256,30,9,2016,5,274
1257,13,7,2015,1,194
1258,21,8,2014,4,233
1259,11,12,2014,4,345
1260,2,6,2011,4,153
1261,12,3,2016,6,72
1262,14,11,2016,1,319
1263,12,1,2011,3,12
1264,3,7,2015,5,184
1265,14,7,2018,6,195
1266,30,12,2015,3,364
1267,11,4,2016,1,102
1268,10,5,2012,4,131
1269,3,5,2011,2,123
1270,27,6,2018,3,178
1271,1,7,2016,5,183
1272,19,5,2016,4,140
1273,24,2,2015,2,55
1274,20,6,2014,5,171
1275,11,9,2016,0,255
1276,22,7,2018,0,203
1277,29,6,2016,3,181
1278,21,8,2008,4,234
1279,22,5,2015,5,142
1280,14,9,2010,2,257
1281,23,1,2019,3,23
1282,15,2,2013,5,46
1283,21,4,2017,5,111
1284,16,2,2015,1,47
1285,24,11,2016,4,329
1286,20,2,2017,1,51
1287,6,2,2015,5,37
1288,19,11,2015,4,323
1289,2,10,2012,2,276
1290,1,4,2008,2,92
1291,5,5,2017,5,125
1292,12,4,2016,2,103
1293,22,10,2010,5,295
1294,12,9,2013,4,255
1295,13,6,2018,3,164
1296,11,8,2016,4,224
1297,14,8,2012,2,227
1298,8,8,2016,1,221
1299,7,5,2015,4,127
1300,23,6,2018,6,174
1301,23,10,2012,2,297
1302,,,2008,,
1303,,,2014,,
1304,29,9,2018,6,272
1305,14,3,2011,1,73
1306,10,8,2011,3,222
1307,17,3,2018,6,76
1308,31,5,2016,2,152
1309,19,12,2008,5,354
1310,7,3,2019,4,66
1311,2,9,2017,6,245
1312,31,7,2013,3,212
1313,30,9,2011,5,273
1314,6,6,2012,3,158
1315,25,10,2012,4,299
1316,30,5,2018,3,150
1317,12,7,2016,2,194
1318,29,12,2017,5,363
1319,23,11,2015,1,327
1320,24,1,2017,2,24
1321,11,12,2018,2,345
1322,15,9,2016,4,259
1323,25,4,2014,5,115
1324,6,4,2015,1,96
1325,27,5,2010,4,147
1326,6,7,2015,1,187
1327,12,1,2015,1,12
1328,29,12,2018,6,363
1329,15,7,2008,2,197
1330,2,8,2012,4,215
1331,18,6,2016,6,170
1332,8,8,2018,3,220
1333,26,6,2009,5,177
1334,24,10,2013,4,297
1335,3,3,2018,6,62
1336,14,11,2007,3,318
1337,28,2,2017,2,59
1338,3,9,2012,1,247
1339,,,2001,,
1340,16,3,2012,5,76
1341,13,11,2018,2,317
1342,22,12,2016,4,357
1343,8,7,2009,3,189
1344,12,5,2015,2,132
1345,15,5,2016,0,136
1346,15,7,2010,4,196
1347,8,6,2016,3,160
1348,11,5,2012,5,132
1349,13,4,2019,6,103
1350,18,12,2014,4,352
1351,31,10,2018,3,304
1352,13,8,2018,1,225
1353,10,5,2013,5,130
1354,6,3,2016,0,66
1355,17,10,2013,4,290
1356,11,6,2016,6,163
1357,3,11,2014,1,307
1358,14,2,2019,4,45
1359,5,7,2017,3,186
1360,15,4,2018,0,105
1361,4,5,2011,3,124
1362,9,9,2018,0,252
1363,18,11,2017,6,322
1364,13,4,2015,1,103
1365,18,1,2019,5,18
1366,8,8,2014,5,220
1367,24,9,2015,4,267
1368,7,6,2017,3,158
1369,24,2,2011,4,55
1370,31,5,2012,4,152
1371,1,12,2015,2,335
1372,24,6,2011,5,175
1373,6,8,2012,1,219
1374,19,4,2019,5,109
1375,23,5,2016,1,144
1376,14,7,2015,2,195
1377,2,7,2012,1,184
1378,1,11,2003,6,305
1379,2,3,2010,2,61
1380,26,10,2015,1,299
1381,28,8,2016,0,241
1382,24,2,2012,5,55
1383,2,2,2015,1,33
1384,19,10,2015,1,292
1385,17,11,2010,3,321
1386,8,4,2011,5,98
1387,15,11,2013,5,319
1388,25,2,2016,4,56
1389,9,11,2017,4,313
1390,11,5,2018,5,131
1391,6,1,2014,1,6
1392,4,9,2013,3,247
1393,8,3,2017,3,67
1394,21,1,2019,1,21
1395,11,4,2012,3,102
1396,26,2,2015,4,57
1397,16,3,2011,3,75
1398,28,3,2019,4,87
1399,15,8,2017,2,227
1400,14,1,2017,6,14
1401,19,10,2017,4,292
1402,15,3,2016,2,75
1403,25,2,2015,3,56
1404,3,11,2017,5,307
1405,9,1,2018,2,9
1406,15,9,2011,4,258
1407,25,8,2017,5,237
1408,22,5,2016,0,143
1409,30,4,2018,1,120
1410,3,4,2019,3,93
1411,25,1,2016,1,25
1412,28,8,2014,4,240
1413,15,12,2017,5,349
1414,20,6,2013,4,171
1415,1,9,2018,6,244
1416,1,8,2014,5,213
1417,3,11,2008,1,308
1418,30,6,2008,1,182
1419,28,11,2014,5,332
1420,3,11,2011,4,307
1421,20,6,2016,1,172
1422,29,10,2009,4,302
1423,30,9,2008,2,274
1424,2,4,2014,3,92
1425,8,3,2011,2,67
1426,19,4,2016,2,110
1427,14,10,2013,1,287
1428,18,1,2018,4,18
1429,28,1,2016,4,28
1430,18,5,2015,1,138
1431,8,10,2015,4,281
1432,13,8,2017,0,225
1433,11,9,2015,5,254
1434,24,1,2013,4,24
1435,23,7,2017,0,204
1436,10,12,2012,1,345
1437,13,12,2011,2,347
1438,26,11,2016,6,331
1439,23,12,2014,2,357
1440,16,6,2018,6,167
1441,24,12,2015,4,358
1442,12,8,2018,0,224
1443,7,10,2016,5,281
1444,14,11,2014,5,318
1445,1,4,2010,4,91
1446,27,11,2016,0,332
1447,7,3,2008,5,67
1448,10,10,2008,5,284
1449,16,12,2014,2,350
1450,8,7,2015,3,189
1451,29,9,2008,1,273
1452,30,6,2018,6,181
1453,21,9,2009,1,264
1454,22,5,2018,2,142
1455,4,6,2010,5,155
1456,17,8,2009,1,229
1457,4,1,2019,5,4
1458,29,7,2008,2,211
1459,3,2,2018,6,34
1460,30,11,2016,3,335
1461,21,3,2019,4,80
1462,13,3,2018,2,72
1463,30,7,2010,5,211
1464,12,2,2009,4,43
1465,21,11,2014,5,325
1466,29,4,2015,3,119
1467,25,11,2017,6,329
1468,11,6,2015,4,162
1469,9,4,2019,2,99
1470,13,7,2016,3,195
1471,1,6,2001,5,152
1472,18,4,2018,3,108
1473,9,12,2015,3,343
1474,15,8,2011,1,227
1475,10,10,2014,5,283
1476,28,5,2018,1,148
1477,20,6,2008,5,172
1478,11,10,2018,4,284
1479,11,11,2018,0,315
1480,7,8,2008,4,220
1481,31,8,2015,1,243
1482,10,6,2008,2,162
1483,25,7,2011,1,206
1484,4,3,2011,5,63
1485,9,8,2012,4,222
1486,13,11,2008,4,318
1487,5,4,2016,2,96
1488,15,9,2018,6,258
1489,14,10,2015,3,287
1490,26,10,2012,5,300
1491,19,8,2017,6,231
1492,13,1,2018,6,13
1493,5,10,2018,5,278
1494,11,9,2006,1,254
1495,6,1,2019,0,6
1496,19,2,2014,3,50
1497,17,5,2013,5,137
1498,7,2,2019,4,38
1499,21,3,2017,2,80
1500,3,3,2015,2,62
1501,7,10,2009,3,280
1502,17,6,2011,5,168
1503,9,12,2017,6,343
1504,11,10,2010,1,284
1505,19,8,2009,3,231
1506,18,8,2008,1,231
1507,18,12,2017,1,352
1508,29,1,2018,1,29
1509,29,4,2013,1,119
1510,17,7,2009,5,198
1511,20,12,2017,3,354
1512,28,4,2014,1,118
1513,24,9,2007,1,267
1514,22,8,2012,3,235
1515,20,4,2016,3,111
1516,20,3,2009,5,79
1517,17,11,2017,5,321
1518,1,11,2018,4,305
1519,25,10,2017,3,298
1520,1,5,2017,1,121
1521,21,7,2010,3,202
1522,,,1997,,
1523,12,10,2011,3,285
1524,20,11,2016,0,325
1525,6,4,2019,6,96
1526,9,11,2018,5,313
1527,14,6,2011,2,165
1528,16,5,2012,3,137
1529,8,4,2018,0,98
1530,15,2,2018,4,46
1531,13,8,2014,3,225
1532,28,1,2014,2,28
1533,19,9,2014,5,262
1534,7,4,2019,0,97
1535,18,8,2017,5,230
1536,31,3,2019,0,90
1537,19,9,2012,3,263
1538,20,3,2018,2,79
1539,22,7,2015,3,203
1540,2,10,2014,4,275
1541,8,6,2012,5,160
1542,5,12,2013,4,339
1543,3,12,2009,4,337
1544,10,4,2009,5,100
1545,13,10,2018,6,286
1546,19,7,2018,4,200
1547,26,5,2009,2,146
1548,24,7,2014,4,205
1549,5,7,2012,4,187
1550,,,1983,,
1551,16,8,2005,2,228
1552,16,4,2012,1,107
1553,2,10,2018,2,275
1554,24,2,2019,0,55
1555,10,12,2018,1,344
1556,4,1,2008,5,4
1557,29,8,2013,4,241
1558,11,2,2014,2,42
1559,20,2,2014,4,51
1560,20,8,2010,5,232
1561,30,5,2014,5,150
1562,4,11,2014,2,308
1563,15,5,2018,2,135
1564,19,3,2015,4,78
1565,11,4,2014,5,101
1566,19,12,2014,5,353
1567,27,7,2009,1,208
1568,4,5,2016,3,125
1569,18,2,2017,6,49
1570,17,3,2015,2,76
1571,1,11,2012,4,306
1572,28,6,2017,3,179
1573,8,4,2009,3,98
1574,13,11,2017,1,317
1575,19,7,2016,2,201
1576,,,2009,,
1577,21,12,2012,5,356
1578,13,12,2012,4,348
1579,23,10,2016,0,297
1580,7,12,2015,1,341
1581,18,2,2014,2,49
1582,15,9,2008,1,259
1583,2,12,2017,6,336
1584,29,6,2017,4,180
1585,4,11,2016,5,309
1586,16,7,2017,0,197
1587,7,8,2012,2,220
1588,8,9,2015,2,251
1589,9,5,2013,4,129
1590,14,7,2014,1,195
1591,29,9,2015,2,272
1592,2,11,2010,2,306
1593,3,2,2010,3,34
1594,9,10,2013,3,282
1595,31,8,2018,5,243
1596,4,5,2007,5,124
1597,16,1,2019,3,16
1598,24,12,2017,0,358
1599,28,3,2018,3,87
1600,8,8,2011,1,220
1601,1,3,2017,3,60
1602,12,10,2010,2,285
1603,,,1999,,
1604,17,2,2012,5,48
1605,8,3,2012,4,68
1606,14,1,2015,3,14
1607,17,4,2019,3,107
1608,8,1,2009,4,8
1609,24,11,2014,1,328
1610,3,11,2016,4,308
1611,24,3,2018,6,83
1612,29,11,2018,4,333
1613,25,8,2016,4,238
1614,27,4,2012,5,118
1615,12,5,2011,4,132
1616,20,10,2014,1,293
1617,3,9,2013,2,246
1618,6,3,2007,2,65
1619,5,2,2016,5,36
1620,15,2,2010,1,46
1621,9,10,2017,1,282
1622,4,5,2012,5,125
1623,26,7,2018,4,207
1624,27,3,2018,2,86
1625,13,6,2008,5,165
1626,26,1,2016,2,26
1627,20,5,2016,5,141
1628,11,2,2018,0,42
1629,17,9,2010,5,260
1630,16,4,2008,3,107
1631,11,7,2017,2,192
1632,22,1,2010,5,22
1633,1,12,2009,2,335
1634,10,3,2019,0,69
1635,25,5,2018,5,145
1636,16,4,2017,0,106
1637,24,4,2014,4,114
1638,11,10,2017,3,284
1639,17,9,2018,1,260
1640,4,12,2018,2,338
1641,22,3,2019,5,81
1642,12,3,2014,3,71
1643,27,4,2017,4,117
1644,18,7,2018,3,199
1645,14,10,2011,5,287
1646,5,10,2012,5,279
1647,24,12,2014,3,358
1648,18,2,2016,4,49
1649,12,2,2019,2,43
1650,3,4,2017,1,93
1651,17,7,2007,2,198
1652,14,1,2019,1,14
1653,4,4,2019,4,94
1654,8,12,2018,6,342
1655,3,10,2012,3,277
1656,8,9,2018,6,251
1657,9,2,2017,4,40
1658,21,6,2016,2,173
1659,11,8,2014,1,223
1660,16,11,2017,4,320
1661,11,10,2011,2,284
1662,1,10,2010,5,274
1663,31,1,2013,4,31
1664,12,8,2010,4,224
1665,6,2,2019,3,37
1666,26,8,2011,5,238
1667,20,8,2014,3,232
1668,4,4,2013,4,94
1669,4,11,2017,6,308
1670,30,5,2013,4,150
1671,26,9,2011,1,269
1672,23,10,2017,1,296
1673,11,5,2011,3,131
1674,24,11,2018,6,328
1675,14,4,2018,6,104
1676,1,12,2017,5,335
1677,20,5,2015,3,140
1678,24,3,2011,4,83
1679,7,5,2012,1,128
1680,12,8,2015,3,224
1681,14,3,2018,3,73
1682,15,12,2015,2,349
1683,20,4,2018,5,110
1684,3,1,2017,2,3
1685,20,11,2012,2,325
1686,14,12,2010,2,348
1687,11,9,2007,2,254
1688,28,12,2015,1,362
1689,26,9,2014,5,269
1690,2,6,2015,2,153
1691,21,6,2013,5,172
1692,31,10,2015,6,304
1693,23,1,2015,5,23
1694,24,11,2017,5,328
1695,1,1,2018,1,1
1696,22,12,2009,2,356
1697,9,5,2016,1,130
1698,13,2,2018,2,44
1699,31,7,2017,1,212
1700,15,8,2018,3,227
1701,13,7,2011,3,194
1702,2,2,2019,6,33
1703,17,11,2011,4,321
1704,20,1,2016,3,20
1705,28,11,2018,3,332
1706,15,10,2009,4,288
1707,14,11,2017,2,318
1708,29,1,2019,2,29
1709,13,5,2016,5,134
1710,23,8,2016,2,236
1711,6,8,2013,2,218
1712,31,3,2017,5,90
1713,17,3,2016,4,77
1714,6,7,2017,4,187
1715,4,2,2009,3,35
1716,14,1,2018,0,14
1717,13,5,2015,3,133
1718,11,7,2006,2,192
1719,27,10,2017,5,300
1720,17,6,2009,3,168
1721,24,2,2017,5,55
1722,7,3,2014,5,66
1723,1,6,2015,1,152
1724,27,11,2012,2,332
1725,13,4,2017,4,103
1726,17,3,2019,0,76
1727,17,9,2015,4,260
1728,21,8,2015,5,233
1729,25,11,2014,2,329
1730,9,2,2015,1,40
1731,9,7,2010,5,190
1732,3,11,2018,6,307
1733,6,4,2016,3,97
1734,4,7,2018,3,185
1735,12,8,2014,2,224
1736,2,6,2016,4,154
1737,27,2,2015,5,58
1738,16,10,2012,2,290
1739,24,1,2012,2,24
1740,9,8,2013,5,221
1741,15,3,2012,4,75
1742,23,4,2012,1,114
1743,10,11,2015,2,314
1744,9,10,2018,2,282
1745,3,9,2015,4,246
1746,29,9,2009,2,272
1747,20,11,2018,2,324
1748,12,6,2012,2,164
1749,12,8,2017,6,224
1750,27,6,2013,4,178
1751,30,5,2016,1,151
1752,30,3,2019,6,89
1753,29,7,2013,1,210
1754,31,3,2011,4,90
1755,4,1,2016,1,4
1756,27,2,2019,3,58
1757,11,8,2018,6,223
1758,5,8,2018,0,217
1759,18,7,2016,1,200
1760,5,9,2013,4,248
1761,26,3,2018,1,85
1762,24,8,2015,1,236
1763,2,3,2018,5,61
1764,22,12,2017,5,356
1765,10,4,2014,4,100
1766,15,1,2019,2,15
1767,16,12,2013,1,350
1768,26,8,2013,1,238
1769,2,9,2018,0,245
1770,9,3,2018,5,68
1771,16,2,2017,4,47
1772,22,10,2014,3,295
1773,18,4,2017,2,108
1774,24,7,2012,2,206
1775,29,6,2010,2,180
1776,30,3,2016,3,90
1777,22,3,2011,2,81
1778,12,2,2016,5,43
1779,28,7,2010,3,209
1780,5,4,2013,5,95
1781,29,7,2011,5,210
1782,17,3,2004,3,77
1783,2,7,2015,4,183
1784,26,5,2016,4,147
1785,1,6,2009,1,152
1786,16,10,2008,4,290
1787,8,7,2016,5,190
1788,21,11,2018,3,325
1789,19,9,2018,3,262
1790,1,12,2016,4,336
1791,18,2,2019,1,49
1792,26,2,2014,3,57
1793,19,3,2009,4,78
1794,12,3,2017,0,71
1795,9,11,2015,1,313
1796,6,11,2018,2,310
1797,15,10,2018,1,288
1798,1,1,2015,4,1
1799,19,11,2014,3,323
1800,10,4,2015,5,100
1801,15,1,2014,3,15
1802,1,5,2018,2,121
1803,4,4,2012,3,95
1804,4,4,2014,5,94
1805,5,6,2014,4,156
1806,7,11,2017,2,311
1807,22,7,2014,2,203
1808,25,11,2013,1,329
1809,2,10,2015,5,275
1810,24,10,2017,2,297
1811,11,6,2014,3,162
1812,12,9,2016,1,256
1813,18,2,2015,3,49
1814,25,6,2007,1,176
1815,4,3,2015,3,63
1816,26,4,2013,5,116
1817,24,8,2006,4,236
1818,28,12,2018,5,362
1819,28,3,2017,2,87
1820,19,5,2008,1,140
1821,15,10,2008,3,289
1822,4,3,2017,6,63
1823,25,6,2010,5,176
1824,29,4,2009,3,119
1825,15,10,2007,1,288
1826,31,8,2012,5,244
1827,13,4,2016,3,104
1828,8,1,2014,3,8
1829,20,10,2018,6,293
1830,15,3,2019,5,74
1831,10,4,2019,3,100
1832,4,2,2011,5,35
1833,6,3,2014,4,65
1834,8,4,2014,2,98
1835,2,11,2018,5,306
1836,3,10,2018,3,276
1837,7,9,2015,1,250
1838,17,10,2017,2,290
1839,24,4,2012,2,115
1840,21,7,2016,4,203
1841,18,2,2009,3,49
1842,29,7,2015,3,210
1843,8,4,2010,4,98
1844,22,5,2014,4,142
1845,17,5,2017,3,137
1846,2,9,2015,3,245
1847,8,10,2010,5,281
1848,12,12,2012,3,347
1849,18,10,2017,3,291
1850,4,12,2014,4,338
1851,5,5,2016,4,126
1852,25,6,2016,6,177
1853,1,3,2004,1,61
1854,12,3,2018,1,71
1855,24,3,2015,2,83
1856,23,4,2014,3,113
1857,1,3,2018,4,60
1858,5,11,2013,2,309
1859,21,3,2012,3,81
1860,5,12,2015,6,339
1861,13,9,2012,4,257
1862,18,4,2013,4,108
1863,25,3,2019,1,84
1864,3,3,2010,3,62
1865,26,10,2006,4,299
1866,23,8,2006,3,235
1867,18,10,2018,4,291
1868,12,6,2009,5,163
1869,8,8,2017,2,220
1870,29,9,2016,4,273
1871,26,10,2018,5,299
1872,29,1,2016,5,29
1873,20,11,2014,4,324
1874,15,9,2009,2,258
1875,10,5,2018,4,130
1876,23,7,2009,4,204
1877,22,6,2009,1,173
1878,29,9,2006,5,272
1879,19,1,2018,5,19
1880,26,12,2016,1,361
1881,19,12,2012,3,354
1882,2,6,2017,5,153
1883,29,10,2012,1,303
1884,11,3,2018,0,70
1885,31,3,2018,6,90
1886,5,11,2009,4,309
1887,13,12,2016,2,348
1888,3,4,2014,4,93
1889,30,12,2016,5,365
1890,27,6,2017,2,178
1891,10,10,2012,3,284
1892,25,4,2013,4,115
1893,2,4,2015,4,92
1894,19,12,2017,2,353
1895,11,7,2005,1,192
1896,22,3,2013,5,81
1897,9,4,2013,2,99
1898,24,8,2009,1,236
1899,1,9,2010,3,244
1900,1,4,2015,3,91
1901,6,10,2010,3,279
1902,25,9,2016,0,269
1903,25,9,2018,2,268
1904,24,8,2012,5,237
1905,13,8,2016,6,226
1906,8,9,2014,1,251
1907,1,5,2014,4,121
1908,6,5,2018,0,126
1909,10,11,2017,5,314
1910,19,12,2016,1,354
1911,30,1,2019,3,30
1912,8,5,2015,5,128
1913,27,1,2019,0,27
1914,21,4,2018,6,111
1915,31,10,2011,1,304
1916,28,10,2009,3,301
1917,18,12,2016,0,353
1918,27,1,2014,1,27
1919,1,12,2001,6,335
1920,11,12,2015,5,345
1921,21,4,2010,3,111
1922,30,6,1997,1,181
1923,27,4,2015,1,117
1924,7,4,2009,2,97
1925,10,6,2018,0,161
1926,10,12,2016,6,345
1927,12,10,2005,3,285
1928,28,3,2016,1,88
1929,23,2,2011,3,54
1930,12,9,2018,3,255
1931,21,10,2010,4,294
1932,2,12,2009,3,336
1933,20,12,2010,1,354
1934,29,8,2007,3,241
1935,7,11,2007,3,311
1936,,,1989,,
1937,16,11,2004,2,321
1938,6,9,2012,4,250
1939,24,5,2013,5,144
1940,12,6,2014,4,163
1941,23,4,2019,2,113
1942,30,6,2015,2,181
1943,23,1,2018,2,23
1944,12,7,2012,4,194
1945,17,11,2009,2,321
1946,13,1,2019,0,13
1947,29,10,2018,1,302
1948,20,11,2017,1,324
1949,18,1,2008,5,18
1950,20,1,2017,5,20
1951,17,2,2017,5,48
1952,7,12,2017,4,341
1953,4,10,2018,4,277
1954,27,1,2015,2,27
1955,6,1,2016,3,6
1956,22,5,2013,3,142
1957,30,10,2009,5,303
1958,,,1991,,
1959,26,5,2011,4,146
1960,25,1,2012,3,25
1961,28,3,2014,5,87
1962,21,1,2014,2,21
1963,2,5,2016,1,123
1964,11,5,2017,4,131
1965,18,12,2015,5,352
1966,7,12,2012,5,342
1967,19,8,2018,0,231
1968,3,11,2009,2,307
1969,22,6,2007,5,173
1970,19,2,2018,1,50
1971,6,8,2016,6,219
1972,5,2,2018,1,36
1973,30,4,2014,3,120
1974,11,10,2006,3,284
1975,2,9,2013,1,245
1976,8,12,2015,2,342
1977,19,9,2008,5,263
1978,2,5,2014,5,122
1979,18,3,2016,5,78
1980,4,8,2018,6,216
1981,6,12,2016,2,341
1982,15,1,2013,2,15
1983,13,9,2013,5,256
1984,28,4,2011,4,118
1985,16,7,2014,3,197
1986,3,8,2015,1,215
1987,4,7,2017,2,185
1988,6,6,2016,1,158
1989,2,8,2013,5,214
1990,16,8,2011,2,228
1991,31,3,2015,2,90
1992,21,4,2009,2,111
1993,10,7,2018,2,191
1994,8,7,2008,2,190
1995,28,2,2016,0,59
1996,21,12,2015,1,355
1997,24,7,2015,5,205
1998,26,9,2013,4,269
1999,2,4,2009,4,92
2000,21,5,2014,3,141
2001,20,6,2011,1,171
2002,30,7,2018,1,211
2003,8,1,2019,2,8
2004,26,3,2009,4,85
2005,27,5,2014,2,147
2006,1,3,2019,5,60
2007,4,8,2010,3,216
2008,5,11,2010,5,309
2009,25,8,2009,2,237
2010,26,11,2013,2,330
2011,31,8,2011,3,243
2012,31,5,2018,4,151
2013,16,2,2019,6,47
2014,20,8,2012,1,233
2015,25,4,2019,4,115
2016,30,4,2016,6,121
2017,6,11,2014,4,310
2018,3,9,2016,6,247
2019,5,2,2017,0,36
2020,5,5,2009,2,125
2021,7,10,2010,4,280
2022,23,12,2009,3,357
2023,3,1,2019,4,3
2024,21,1,2015,3,21
2025,7,8,2018,2,219
2026,18,11,2009,3,322
2027,15,10,2010,5,288
2028,16,1,2012,1,16
2029,9,8,2017,3,221
2030,6,10,2017,5,279
2031,13,12,2017,3,347
2032,10,3,2017,5,69
2033,19,3,2013,2,78
2034,8,8,2012,3,221
2035,24,6,2010,4,175
2036,9,9,2016,5,253
2037,16,10,2006,1,289
2038,27,8,2014,3,239
2039,1,4,1999,4,91
2040,23,8,2017,3,235
2041,3,8,2017,4,215
2042,12,12,2017,2,346
2043,24,6,2016,5,176
2044,24,8,2011,3,236
2045,18,9,2014,4,261
2046,26,3,2014,3,85
2047,5,1,2018,5,5
2048,26,9,2017,2,269
2049,29,1,2014,3,29
2050,7,7,2014,1,188
2051,6,4,2012,5,97
2052,3,6,2014,2,154
2053,18,6,2018,1,169
2054,23,7,2014,3,204
2055,13,1,2016,3,13
2056,8,6,2011,3,159
2057,21,5,2017,0,141
2058,18,11,2014,2,322
2059,26,4,2019,5,116
2060,7,1,2017,6,7
2061,9,7,2008,3,191
2062,21,9,2018,5,264
2063,7,9,2018,5,250
2064,5,10,2015,1,278
2065,16,11,2016,3,321
2066,18,11,2011,5,322
2067,15,3,2001,4,74
2068,17,7,2017,1,198
2069,28,8,2002,3,240
2070,15,11,2017,3,319
2071,14,7,2005,4,195
2072,12,5,2018,6,132
2073,7,12,2011,3,341
2074,12,12,2008,5,347
2075,25,11,2009,3,329
2076,20,7,2016,3,202
2077,16,9,2009,3,259
2078,25,5,2015,1,145
2079,4,4,2011,1,94
2080,4,9,2018,2,247
2081,29,6,2018,5,180
2082,12,1,2019,6,12
2083,23,8,2018,4,235
2084,22,1,2009,4,22
2085,22,1,2014,3,22
2086,4,11,2013,1,308
2087,8,7,2014,2,189
2088,26,4,2017,3,116
2089,10,7,2012,2,192
2090,25,4,2012,3,116
2091,24,2,2018,6,55
2092,28,7,2017,5,209
2093,6,9,2010,1,249
2094,24,11,2009,2,328
2095,14,7,2010,3,195
2096,25,9,2008,4,269
2097,18,8,2018,6,230
2098,28,9,2015,1,271
2099,12,3,2008,3,72
2100,17,7,2018,2,198
2101,17,2,2018,6,48
2102,26,1,2017,4,26
2103,15,5,2014,4,135
2104,16,9,2018,0,259
2105,25,7,2013,4,206
2106,5,3,2014,3,64
2107,27,6,2014,5,178
2108,12,11,2016,6,317
2109,8,11,1998,0,312
2110,20,5,2018,0,140
2111,14,9,2018,5,257
2112,4,9,2009,5,247
2113,6,10,2018,6,279
2114,11,2,2019,1,42
2115,30,4,2015,4,120
2116,23,2,2018,5,54
2117,13,6,2016,1,165
2118,20,7,2015,1,201
2119,9,4,2012,1,100
2120,1,8,2017,2,213
2121,3,12,2012,1,338
2122,25,1,2018,4,25
2123,2,3,2011,3,61
2124,16,12,2016,5,351
2125,28,3,2013,4,87
2126,6,7,2009,1,187
2127,10,4,2017,1,100
2128,28,2,2018,3,59
2129,24,3,2017,5,83
2130,13,8,2012,1,226
2131,20,6,2012,3,172
2132,27,10,2016,4,301
2133,7,6,2016,2,159
2134,19,3,2016,6,79
2135,29,4,2014,2,119
2136,4,11,2018,0,308
2137,3,9,2017,0,246
2138,29,2,2016,1,60
2139,29,5,2015,5,149
2140,28,1,2009,3,28
2141,21,9,2007,5,264
2142,20,3,2012,2,80
2143,11,11,2009,3,315
2144,26,10,2016,3,300
2145,18,12,2008,4,353
2146,10,4,2013,3,100
2147,1,7,2003,2,182
2148,3,4,2018,2,93
2149,31,10,2014,5,304
2150,12,4,2010,1,102
2151,15,6,2015,1,166
2152,2,4,2019,2,92
2153,27,12,2017,3,361
2154,2,8,2014,6,214
2155,,,2018,,
2156,26,6,2014,4,177
2157,9,6,2011,4,160
2158,14,1,2009,3,14
2159,3,8,2012,5,216
2160,28,5,2014,3,148
2161,25,7,2016,1,207
2162,9,7,2018,1,190
2163,2,12,2015,3,336
2164,6,5,2017,6,126
2165,12,1,2017,4,12
2166,10,7,2014,4,191
2167,18,3,2010,4,77
2168,24,7,2007,2,205
2169,,,1995,,
2170,18,9,2016,0,262
2171,27,9,2011,2,270
2172,,,2003,,
2173,8,7,2017,6,189
2174,13,1,2015,2,13
2175,18,10,2016,2,292
2176,16,10,2017,1,289
2177,22,10,2018,1,295
2178,14,6,2018,4,165
2179,20,3,2015,5,79
2180,16,3,2017,4,75
2181,27,3,2015,5,86
2182,30,4,2017,0,120
2183,20,1,2014,1,20
2184,21,5,2010,5,141
2185,10,2,2015,2,41
2186,28,4,2018,6,118
2187,2,7,2009,4,183
2188,17,6,2008,2,169
2189,15,3,2010,1,74
2190,13,2,2017,1,44
2191,7,7,2009,2,188
2192,8,7,2013,1,189
2193,8,1,2013,2,8
2194,24,5,2016,2,145
2195,30,5,2015,6,150
2196,17,4,2016,0,108
2197,27,2,2014,4,58
2198,4,12,2016,0,339
2199,28,10,2016,5,302
2200,13,3,2019,3,72
2201,29,7,2009,3,210
2202,30,3,2017,4,89
2203,10,6,2013,1,161
2204,21,6,2011,2,172
2205,27,7,2018,5,208
2206,17,12,2014,3,351
2207,29,10,2015,4,302
2208,13,10,2016,4,287
2209,31,5,2017,3,151
2210,28,10,2008,2,302
2211,17,2,2019,0,48
2212,16,2,2012,4,47
2213,10,9,2010,5,253
2214,28,9,2018,5,271
2215,7,10,2014,2,280
2216,29,3,2012,4,89
2217,9,9,2014,2,252
2218,13,3,2013,3,72
2219,13,3,2007,2,72
2220,10,2,2009,2,41
2221,13,5,2014,2,133
2222,23,2,2009,1,54
2223,11,7,2018,3,192
2224,24,10,2014,5,297
2225,10,2,2018,6,41
2226,19,3,2012,1,79
2227,14,3,2013,4,73
2228,24,10,2012,3,298
2229,4,10,2017,3,277
2230,16,8,2016,2,229
2231,30,6,2014,1,181
2232,20,7,2009,1,201
2233,2,3,2017,4,61
2234,29,10,2010,5,302
2235,15,11,2011,2,319
2236,31,5,2011,2,151
2237,25,12,2018,2,359
2238,22,5,2012,2,143
2239,15,12,2009,2,349
2240,15,7,2015,3,196
2241,6,12,2018,4,340
2242,24,6,2018,0,175
2243,22,1,2015,4,22
2244,8,10,2017,0,281
2245,21,11,2016,1,326
2246,3,6,2010,4,154
2247,1,1,2016,5,1
2248,8,3,2019,5,67
2249,27,4,2016,3,118
2250,6,3,2018,2,65
2251,29,11,2006,3,333
2252,30,12,2017,6,364
2253,23,2,2010,2,54
2254,29,9,2011,4,272
2255,9,7,2017,0,190
2256,14,4,2016,4,105
2257,10,8,2016,3,223
2258,22,9,2008,1,266
2259,27,1,2016,3,27
2260,22,5,2017,1,142
2261,30,10,2013,3,303
2262,4,2,2017,6,35
2263,27,8,2010,5,239
2264,24,3,2009,2,83
2265,2,12,2018,0,336
2266,1,1,2017,0,1
2267,1,2,2017,3,32
2268,29,3,2016,2,89
2269,23,1,2014,4,23
2270,28,9,2017,4,271
2271,21,7,2009,2,202
2272,22,1,2018,1,22
2273,17,4,2015,5,107
2274,27,4,2011,3,117
2275,27,2,2017,1,58
2276,16,10,2013,3,289
2277,15,11,2018,4,319
2278,17,3,2014,1,76
2279,14,4,2010,3,104
2280,24,6,2017,6,175
2281,8,1,2016,5,8
2282,12,11,2015,4,316
2283,5,5,2018,6,125
2284,7,5,2014,3,127
2285,29,4,2017,6,119
2286,28,10,2014,2,301
2287,7,2,2018,3,38
2288,11,6,2018,1,162
2289,22,3,2016,2,82
2290,13,9,2016,2,257
2291,26,2,2013,2,57
2292,26,12,2017,2,360
2293,17,12,2013,2,351
2294,25,7,2018,3,206
2295,2,9,2010,4,245
2296,23,5,2014,5,143
2297,3,6,2017,6,154
2298,21,12,2017,4,355
2299,19,11,2009,4,323
2300,25,2,2009,3,56
2301,25,10,2010,1,298
2302,26,2,2018,1,57
2303,1,7,2010,4,182
2304,6,2,2017,1,37
2305,28,8,2017,1,240
2306,23,6,2017,5,174
2307,4,4,2017,2,94
2308,23,10,2013,3,296
2309,12,10,2018,5,285
2310,24,7,2017,1,205
2311,1,7,2018,0,182
2312,16,9,2014,2,259
2313,8,12,2016,4,343
2314,22,2,2011,2,53
2315,14,5,2013,2,134
2316,21,2,2017,2,52
2317,2,3,2016,3,62
2318,11,8,2015,2,223
2319,8,3,2013,5,67
2320,9,7,2013,2,190
2321,22,6,2017,4,173
2322,8,12,2014,1,342
2323,20,12,2016,2,355
2324,25,6,2014,3,176
2325,15,1,2016,5,15
2326,2,6,2014,1,153
2327,6,6,2014,5,157
2328,29,2,2008,5,60
2329,22,9,2015,2,265
2330,2,5,2018,3,122
2331,,,2007,,
2332,18,6,2009,4,169
2333,8,11,2016,2,313
2334,6,8,2014,3,218
2335,15,12,2014,1,349
2336,19,1,2012,4,19
2337,18,3,2018,0,77
2338,1,7,2013,1,182
2339,,,2020,,
2340,4,2,2016,4,35
2341,30,8,2017,3,242
2342,30,8,2011,2,242
2343,15,7,2011,5,196
2344,21,10,2018,0,294
2345,3,10,2008,5,277
2346,26,7,2011,2,207
2347,8,3,2016,2,68
2348,7,1,2016,4,7
2349,9,2,2012,4,40
2350,24,10,2008,5,298
2351,30,7,2017,0,211
2352,5,12,2017,2,339
2353,12,12,2018,3,346
2354,5,11,2017,0,309
2355,19,1,2015,1,19
2356,20,2,2019,3,51
2357,27,11,2014,4,331
2358,8,9,2010,3,251
2359,17,1,2019,4,17
2360,5,8,2014,2,217
2361,29,3,2007,4,88
2362,31,3,2010,3,90
2363,11,11,2015,3,315
2364,18,10,2013,5,291
2365,6,12,2011,2,340
2366,17,4,2014,4,107
2367,28,10,2015,3,301
2368,18,3,2019,1,77
2369,20,3,2017,1,79
2370,27,7,2017,4,208
2371,25,10,2013,5,298
2372,17,9,2008,3,261
2373,,,2011,,
2374,29,7,2014,2,210
2375,16,3,2018,5,75
2376,17,11,2015,2,321
2377,31,12,2015,4,365
2378,18,3,2015,3,77
2379,4,8,2016,4,217
2380,18,5,2012,5,139
2381,28,9,2010,2,271
2382,27,1,2012,5,27
2383,6,1,2018,6,6
2384,16,10,2009,5,289
2385,3,1,2018,3,3
2386,18,9,2018,2,261
2387,1,4,2006,6,91
2388,10,10,2017,2,283
2389,26,5,2014,1,146
2390,13,7,2017,4,194
2391,25,12,2017,1,359
2392,4,5,2018,5,124
2393,9,4,2017,0,99
2394,30,8,2006,3,242
2395,24,6,2015,3,175
2396,9,9,2017,6,252
2397,29,7,2016,5,211
2398,30,12,2018,0,364
2399,23,11,2017,4,327
2400,16,5,2014,5,136
2401,16,6,2015,2,167
2402,14,10,2016,5,288
2403,17,12,2016,6,352
2404,8,9,2017,5,251
2405,22,11,2016,2,327
2406,12,6,2017,1,163
2407,10,9,2015,4,253
2408,5,3,2019,2,64
2409,14,9,2012,5,258
2410,13,10,2015,2,286
2411,2,8,2016,2,215
2412,18,1,2016,1,18
2413,24,1,2018,3,24
2414,31,1,2018,3,31
2415,29,12,2015,2,363
2416,3,5,2017,3,123
2417,1,4,2005,5,91
2418,16,5,2018,3,136
2419,1,11,2006,3,305
2420,17,11,2016,4,322
2421,10,3,2016,4,70
2422,15,10,2014,3,288
2423,8,2,2008,5,39
2424,28,1,2019,1,28
2425,26,12,2018,3,360
2426,15,3,2018,4,74
2427,7,12,2016,3,342
2428,7,3,2017,2,66
2429,19,3,2014,3,78
2430,10,6,2016,5,162
2431,29,6,2009,1,180
2432,29,8,2017,2,241
2433,16,4,2019,2,106
2434,26,4,2016,2,117
2435,25,1,2017,3,25
2436,30,6,2016,4,182
2437,21,9,2015,1,264
2438,21,9,2012,5,265
2439,21,5,2008,3,142
2440,25,9,2014,4,268
2441,2,10,2016,0,276
2442,24,4,2019,3,114
2443,25,11,2015,3,329
2444,12,5,2014,1,132
2445,18,4,2012,3,109
2446,3,8,2007,5,215
2447,31,1,2017,2,31
2448,22,11,2017,3,326
2449,13,1,2010,3,13
2450,27,1,2011,4,27
2451,4,12,2015,5,338
2452,26,1,2018,5,26
2453,21,7,2006,5,202
2454,4,10,2013,5,277
2455,21,9,2011,3,264
2456,5,6,2007,2,156
2457,29,1,2008,2,29
2458,3,3,2019,0,62
2459,18,11,2016,5,323
2460,7,11,2013,4,311
2461,15,6,2011,3,166
2462,16,5,2016,1,137
2463,19,12,2006,2,353
2464,12,10,2012,5,286
2465,4,9,2016,0,248
2466,14,3,2014,5,73
2467,18,2,2018,0,49
2468,9,2,2016,2,40
2469,16,7,2009,4,197
2470,20,1,2015,2,20
2471,27,2,2013,3,58
2472,24,1,2011,1,24
2473,6,1,2015,2,6
2474,20,10,2016,4,294
2475,18,9,2015,5,261
2476,18,2,2010,4,49
2477,7,12,2018,5,341
2478,3,7,2018,2,184
2479,8,10,2008,3,282
2480,8,12,2017,5,342
2481,29,5,2013,3,149
2482,2,5,2017,2,122
2483,11,8,2011,4,223
2484,2,3,2015,1,61
2485,16,9,2016,5,260
2486,23,4,2017,0,113
2487,23,2,2017,4,54
2488,21,12,2006,4,355
2489,15,4,2009,3,105
2490,21,8,2012,2,234
2491,13,11,2016,0,318
2492,2,2,2016,2,33
2493,13,11,2013,3,317
2494,9,12,2014,2,343
2495,13,6,2017,2,164
2496,11,12,2012,2,346
2497,16,7,2016,6,198
2498,16,8,2018,4,228
2499,19,4,2018,4,109
2500,8,5,2012,2,129
2501,9,11,2016,3,314
2502,17,10,2014,5,290
2503,23,10,2008,4,297
2504,3,6,2018,0,154
2505,20,9,2013,5,263
2506,30,8,2012,4,243
2507,16,4,2015,4,106
2508,5,7,2016,2,187
2509,30,8,2016,2,243
2510,18,7,2008,5,200
2511,12,9,2014,5,255
2512,13,7,2018,5,194
2513,10,11,2011,4,314
2514,19,10,2018,5,292
2515,4,5,2017,4,124
2516,10,12,2010,5,344
2517,28,9,2009,1,271
2518,9,4,2014,3,99
2519,20,10,2017,5,293
2520,22,10,2008,3,296
2521,23,7,2013,2,204
2522,23,3,2010,2,82
2523,14,10,2017,6,287
2524,7,12,2010,2,341
2525,29,10,2014,3,302
2526,26,6,2015,5,177
2527,12,12,2014,5,346
2528,,,1998,,
2529,19,8,2015,3,231
2530,20,10,2008,1,294
2531,1,9,2015,2,244
2532,26,6,2017,1,177
2533,20,1,2019,0,20
2534,18,11,2008,2,323
2535,26,8,2018,0,238
2536,10,6,2011,5,161
2537,2,10,2009,5,275
2538,7,2,2012,2,38
2539,15,2,2019,5,46
2540,22,1,2016,5,22
2541,25,3,2013,1,84
2542,15,3,2007,4,74
2543,27,6,2016,1,179
2544,20,4,2017,4,110
2545,8,7,2010,4,189
2546,27,8,2016,6,240
2547,16,5,2017,2,136
2548,23,9,2011,5,266
2549,7,9,2017,4,250
2550,17,4,2017,1,107
2551,1,8,2018,3,213
2552,29,3,2017,3,88
2553,17,11,2008,1,322
2554,8,11,2012,4,313
2555,19,2,2019,2,50
2556,22,9,2017,5,265
2557,20,10,2015,2,293
2558,2,11,2015,1,306
2559,17,12,2018,1,351
2560,29,11,2016,2,334
2561,3,8,2016,3,216
2562,1,12,2008,1,336
2563,4,10,2016,2,278
2564,10,7,2015,5,191
2565,10,5,2016,2,131
2566,29,9,2017,5,272
2567,17,9,2014,3,260
2568,20,9,2016,2,264
2569,16,4,2014,3,106
2570,,,1980,,
2571,14,12,2017,4,348
2572,31,10,2017,2,304
2573,1,7,2009,3,182
2574,23,6,2016,4,175
2575,2,3,2012,5,62
2576,20,2,2008,3,51
2577,11,9,2017,1,254
2578,16,3,2016,3,76
2579,24,6,2008,2,176
2580,12,12,2013,4,346
2581,10,8,2015,1,222
2582,30,1,2012,1,30
2583,4,11,2009,3,308
2584,30,11,2017,4,334
2585,8,11,2018,4,312
2586,25,2,2013,1,56
2587,21,3,2016,1,81
2588,17,5,2016,2,138
2589,20,2,2010,6,51
2590,21,8,2017,1,233
2591,3,2,2014,1,34
2592,19,12,2013,4,353
2593,3,9,2018,1,246
2594,26,7,2017,3,207
2595,15,12,2018,6,349
2596,18,8,2016,4,231
2597,13,3,2017,1,72
2598,28,2,2012,2,59
2599,16,6,2009,2,167
2600,20,12,2018,4,354
2601,29,4,2011,5,119
2602,5,1,2016,2,5
2603,27,8,2018,1,239
2604,12,8,2013,1,224
2605,9,1,2015,5,9
2606,7,11,2006,2,311
2607,21,2,2019,4,52
2608,16,7,2018,1,197
2609,3,5,2018,4,123
2610,22,4,2015,3,112
2611,17,9,2009,4,260
2612,24,3,2019,0,83
2613,20,4,2011,3,110
2614,1,8,2012,3,214
2615,3,9,2014,3,246
2616,15,10,2015,4,288
2617,28,1,2015,3,28
2618,26,11,2017,0,330
2619,4,2,2018,0,35
2620,18,9,2017,1,261
2621,23,2,2019,6,54
2622,20,7,2018,5,201
2623,23,1,2017,1,23
2624,17,8,2017,4,229
2625,1,8,2013,4,213
2626,24,4,2017,1,114
2627,1,5,2007,2,121
2628,6,10,2009,2,279
2629,24,4,2015,5,114
2630,29,8,2018,3,241
2631,1,3,2010,1,60
2632,9,2,2019,6,40
2633,8,10,2018,1,281
2634,18,6,2015,4,169
2635,22,10,2013,2,295
2636,12,3,2009,4,71
2637,16,9,2011,5,259
2638,27,4,2018,5,117
2639,28,1,2018,0,28
2640,19,8,2014,2,231
2641,14,4,2014,1,104
2642,28,6,2013,5,179
2643,26,6,2016,0,178
2644,9,1,2017,1,9
2645,17,7,2015,5,198
2646,16,1,2015,5,16
2647,3,2,2011,4,34
2648,19,4,2017,3,109
2649,15,10,2013,2,288
2650,15,4,2019,1,105
2651,21,5,2016,6,142
2652,24,3,2014,1,83
2653,1,3,2011,2,60
2654,17,9,2016,6,261
2655,27,5,2018,0,147
2656,18,10,2011,2,291
2657,19,1,2017,4,19
2658,12,4,2012,4,103
2659,,,2015,,
2660,20,9,2017,3,263
